SLu@aol.com,Bartending
CondoluciJ@yahoo.com,Bartending
JessGrun@yahoo.ca,Bartending
JessGrun@yahoo.ca,Serving
BigBrainBri@hotmail.com,Electrical
NoreenM@yahoo.com,Electrical
FinkelWrinkle@hotmail.com,Serving
KarlLee@sympatico.ca,Serving
DJM@aol.com,Serving
MegaMurph@hotmail.com,Serving
BrummerBummer@aol.com,Electrical
BrummerBummer@aol.com,Security
ClaudineLubin@hotmail.com,Security
RamKub@gmail.com,Security
SuzzieFergie@aol.com,Security
SuzzieFergie@aol.com,Bartending
Kyle.McG@gmail.com,Electrical
ThomPurpi@aol.com,Electrical
ThomPurpi@aol.com,Serving
CondoluciJ@yahoo.com,Serving