Caterer,1,810,Just a Nibble NYC,Just a Nibble NYC
Caterer,2,750,Bartleby & Sage,Bartleby & Sage
Caterer,3,1000,Deborah Miller Catering,Deborah Miller Catering
Caterer,4,460,Night Kitchen Catering,Night Kitchen Catering
Caterer,5,1200,Mazza & More,Mazza & More
Caterer,6,2600,Zerda,Zerda
Caterer,7,1200,Junzi Kitchen,Junzi Kitchen
Caterer,8,1380,Strawberry Catering,Strawberry Catering
Caterer,9,1530,King Soloman Glatt Kosher Catering,King Soloman Glatt Kosher Catering
Caterer,10,980,Bon Soir Catering,Bon Soir Catering
Caterer,11,540,Red Table Catering,Red Table Catering
Caterer,12,380,EVENTFULLNYC Catering,EVENTFULLNYC Catering
Caterer,13,630,Campbell & Co.,Campbell & Co.
Caterer,14,530,Liberty Warehouse Catering,Liberty Warehouse Catering
Caterer,15,630,Lights on Kent Events,Lights on Kent Events
Caterer,16,820,Da Mikele Illagio,Da Mikele Illagio
Caterer,17,1530,Toad Style,Toad Style
Caterer,18,1820,Greedi Vegan Bed Stuy,Greedi Vegan Bed Stuy
Caterer,19,253,Bleck's food,Bleck's food
Caterer,20,143,Borough Pizza,Borough Pizza